MDVP:Fo(Hz),MDVP:Fhi(Hz),MDVP:Flo(Hz),MDVP:Jitter(%),MDVP:Jitter(Abs),MDVP:RAP,MDVP:PPQ,Jitter:DDP,MDVP:Shimmer,MDVP:Shimmer(dB),Shimmer:APQ3,Shimmer:APQ5,MDVP:APQ,Shimmer:DDA,NHR,HNR,status,RPDE,DFA,spread1,spread2,D2,PPE
-0.8962993003599229,-0.8019132417582476,-0.2227298514033044,-0.4240269701322581,-0.1139846994500819,-0.4886265338684837,-0.2712165426555813,-0.4887062211331982,-0.5645914188647423,-0.572348084154439,-0.6936001165508281,-0.4709692068388882,-0.2716337607286079,-0.6936135001629643,-0.3794418700240851,0.2702576152863117,0,1.0125836414175926,-0.8793393505700854,0.0600756087531049,-0.419926260126973,-0.928713977441131,0.1020421418595731
