age,sex,test_time,motor_UPDRS,total_UPDRS,Jitter(%),Jitter(Abs),Jitter:RAP,Jitter:PPQ5,Jitter:DDP,Shimmer,Shimmer(dB),Shimmer:APQ3,Shimmer:APQ5,Shimmer:APQ11,Shimmer:DDA,NHR,HNR,RPDE,DFA,PPE
0.2488516420758689,-0.6825088741353135,-0.9921159622927628,11.484,17.484,-0.5661279270999372,-0.544662507908182,-0.5177388131907718,-0.4199300916670813,-0.5166828851158458,-0.7151800536462479,-0.7555788894371998,-0.7816342420634282,-0.7048266188648808,-0.760634670453451,-0.7818810126591729,-0.341962915306963,0.5897607706368473,-0.2415687360040479,0.8237471193661068,-0.6300003711941224
